[{"__type__":"cc.SpriteFrame","content":{"name":"FrameB-2","texture":"a8fu4l8FtJCIjgE82TMRii","rect":[175,83,134,379],"offset":[-14,-16.5],"originalSize":[512,512],"capInsets":[0,0,0,0]}},{"__type__":"cc.AnimationClip","_name":"FishB","_duration":1.1,"wrapMode":"2","curveData":{"comps":{"cc.Sprite":{"spriteFrame":[{"frame":0,"value":{"__uuid__":"02OqVAIZhAAamyD2gjhb/q"}},{"frame":0.16666666666666666,"value":{"__uuid__":"67F4DYZ7VH841tDHlvr443"}},{"frame":0.3333333333333333,"value":{"__uuid__":"38P9+g8e5D5opO7aMWGyoz"}},{"frame":0.5,"value":{"__uuid__":"67F4DYZ7VH841tDHlvr443"}},{"frame":0.6666666666666666,"value":{"__uuid__":"02OqVAIZhAAamyD2gjhb/q"}},{"frame":0.8333333333333334,"value":{"__uuid__":"e0R2FMEWxPa4GGQyTE4/Xa"}}]}}},"events":[{"frame":1.1,"func":"","params":[]},{"frame":1.1,"func":"","params":[]}]},{"__type__":"cc.ParticleAsset","_name":"bubble1","_native":".plist","spriteFrame":{"__uuid__":"fbcDbNbghE0ap+/On42OXr"}},{"__type__":"cc.SpriteFrame","content":{"name":"FrameB-4","texture":"7dy5NFBPtLs4u6rwzOqOmk","rect":[175,83,134,346],"offset":[-14,0],"originalSize":[512,512],"capInsets":[0,0,0,0]}},{"__type__":"cc.SpriteFrame","content":{"name":"buttonRestart","texture":"b4MQx2cA5FSK6Wx5DFgNbJ","rect":[134,208,195,126],"offset":[-24.5,-15],"originalSize":[512,512],"capInsets":[0,0,0,0]}},{"__type__":"cc.SpriteFrame","content":{"name":"buttonPause","texture":"c5WbicGXhEkqWdWKxyeUjn","rect":[155,171,165,165],"offset":[-18.5,2.5],"originalSize":[512,512],"capInsets":[0,0,0,0]}},{"__type__":"cc.SpriteFrame","content":{"name":"atom","texture":"d0qC05vt5GxLaYyB/w3t//","rect":[0,0,31,31],"offset":[0,0],"originalSize":[31,31],"capInsets":[0,0,0,0]}},{"__type__":"cc.SpriteFrame","content":{"name":"backgroundC (1)","texture":"abzs8OaNhIb6KMQ/UJRAUI","rect":[0,0,900,1600],"offset":[0,0],"originalSize":[900,1600],"capInsets":[0,0,0,0]}},{"__type__":"cc.SpriteFrame","content":{"name":"buttonResume","texture":"2572QZSlZFup2Oux/ZKC/j","rect":[134,208,195,126],"offset":[-24.5,-15],"originalSize":[512,512],"capInsets":[0,0,0,0]}},{"__type__":"cc.SpriteFrame","content":{"name":"buttonPausePressed","texture":"9fR7vXRHJOU4OWSHGdftZ4","rect":[154,170,177,177],"offset":[-13.5,-2.5],"originalSize":[512,512],"capInsets":[0,0,0,0]}},{"__type__":"cc.SpriteFrame","content":{"name":"buttonRestartPressed","texture":"b0uyT72ZdK0JfQMO1YCxvM","rect":[134,208,206,135],"offset":[-19,-19.5],"originalSize":[512,512],"capInsets":[0,0,0,0]}},{"__type__":"cc.SpriteFrame","content":{"name":"buttonResumePressed","texture":"63HoybUm5Knb8PKVf5FmvZ","rect":[134,207,207,134],"offset":[-18.5,-18],"originalSize":[512,512],"capInsets":[0,0,0,0]}},{"__type__":"cc.SpriteFrame","content":{"name":"FrameB-3","texture":"16xUXcaApMXp+aHSFBkYBv","rect":[175,83,134,362],"offset":[-14,-8],"originalSize":[512,512],"capInsets":[0,0,0,0]}},{"__type__":"cc.SpriteFrame","content":{"name":"buttonPause","texture":"79q3DL/0BKQqX7mxFC1bpu","rect":[154,170,177,177],"offset":[-13.5,-2.5],"originalSize":[512,512],"capInsets":[0,0,0,0]}},{"__type__":"cc.ParticleAsset","_name":"atom","_native":".plist","spriteFrame":{"__uuid__":"47LfXTNedBhJ5sf0G+5l7j"}},{"__type__":"cc.SpriteFrame","content":{"name":"Menu","texture":"dbO1Boei1AQ64X4l6MYuZP","rect":[0,109,475,318],"offset":[-18.5,-12],"originalSize":[512,512],"capInsets":[0,0,0,0]}},{"__type__":"cc.SpriteFrame","content":{"name":"buttonReturnMenuPressed","texture":"b193gSanFH64PKvz7+XqVE","rect":[134,208,206,135],"offset":[-19,-19.5],"originalSize":[512,512],"capInsets":[0,0,0,0]}},{"__type__":"cc.SpriteFrame","content":{"name":"Poem3","texture":"f87kHVL7FAdqChFFI0pddM","rect":[218,178,132,104],"offset":[28,26],"originalSize":[512,512],"capInsets":[0,0,0,0]}},{"__type__":"cc.SpriteFrame","content":{"name":"Frame0A","texture":"74AWKQ7XtD0qb/O6CUrYMw","rect":[174,98,134,369],"offset":[-15,-26.5],"originalSize":[512,512],"capInsets":[0,0,0,0]}},[{"__type__":"cc.SceneAsset","_name":"main","scene":{"__id__":1},"asyncLoadAssets":null},{"__type__":"cc.Scene","_name":"New Node","_children":[{"__id__":2},{"__id__":20},{"__id__":25},{"__id__":5},{"__id__":27}],"_anchorPoint":{"__type__":"cc.Vec2"},"_scale":{"__type__":"cc.Vec3","x":0.6346283361149271,"y":0.6346283361149271,"z":1},"autoReleaseAssets":false},{"__type__":"cc.Node","_name":"Background","_parent":{"__id__":1},"_children":[{"__id__":3}],"_level":1,"_components":[{"__type__":"871d5hKRyJCfaplJQ81ocpu","node":{"__id__":2}},{"__type__":"c567473juxLJqW2Ty6p/Fka","node":{"__id__":2},"pauseMenu":{"__id__":4}}],"_position":{"__type__":"cc.Vec3","x":450,"y":800},"_scale":{"__type__":"cc.Vec3","x":1,"y":1,"z":1},"_id":"2fLDhVxKBOe5Tb7V7AMVt/"},{"__type__":"cc.Node","_name":"bgImg","_parent":{"__id__":2},"_level":2,"_components":[{"__type__":"cc.Sprite","node":{"__id__":3},"_spriteFrame":{"__uuid__":"56V516n2BEAIZGGbLKJjKw"},"_sizeMode":0}],"_contentSize":{"__type__":"cc.Size","width":1800,"height":3200},"_scale":{"__type__":"cc.Vec3","x":1,"y":1,"z":1}},{"__type__":"cc.Node","_name":"PauseMenu","_parent":{"__id__":5},"_children":[{"__id__":19},{"__id__":11},{"__id__":14},{"__id__":17}],"_level":2,"_components":[{"__type__":"cc.Sprite","node":{"__id__":4},"_spriteFrame":{"__uuid__":"b5JwsfYD1LXIIcaGYo8gQN"},"_type":1,"_sizeMode":0},{"__type__":"cc.Layout","node":{"__id__":4},"_layoutSize":{"__type__":"cc.Size","width":720,"height":540}}],"_contentSize":{"__type__":"cc.Size","width":720,"height":540},"_scale":{"__type__":"cc.Vec3","x":1,"y":1,"z":1}},{"__type__":"cc.Node","_name":"Canvas","_parent":{"__id__":1},"_children":[{"__id__":6},{"__id__":7},{"__id__":4}],"_level":1,"_components":[{"__type__":"cc.Canvas","node":{"__id__":5},"_designResolution":{"__type__":"cc.Size","width":900,"height":1600}},{"__type__":"cc.Widget","node":{"__id__":5},"_alignFlags":18},{"__type__":"264ceaPkPdIo4qg/M8vgr4G","node":{"__id__":5},"pauseButton":{"__id__":9},"resumeButton":{"__id__":10},"restartButton":{"__id__":13},"menuButton":{"__id__":16}}],"_contentSize":{"__type__":"cc.Size","width":900,"height":1600},"_position":{"__type__":"cc.Vec3","x":450,"y":800},"_scale":{"__type__":"cc.Vec3","x":1,"y":1,"z":1},"groupIndex":3,"_id":"67Y9BI+UlJUozyzTsd4X7N"},{"__type__":"cc.Node","_name":"Main Camera","_parent":{"__id__":5},"_level":2,"_components":[{"__type__":"cc.Camera","node":{"__id__":6},"_clearFlags":7,"_depth":-1}],"_scale":{"__type__":"cc.Vec3","x":1,"y":1,"z":1}},{"__type__":"cc.Node","_name":"Pause","_parent":{"__id__":5},"_children":[{"__id__":8}],"_level":2,"_components":[{"__id__":9},{"__type__":"cc.Widget","node":{"__id__":7},"alignMode":2,"_alignFlags":33,"_right":20,"_top":206}],"_contentSize":{"__type__":"cc.Size","width":100,"height":100},"_position":{"__type__":"cc.Vec3","x":380,"y":544},"_scale":{"__type__":"cc.Vec3","x":1,"y":1,"z":1}},{"__type__":"cc.Node","_name":"Background","_parent":{"__id__":7},"_level":3,"_components":[{"__type__":"cc.Sprite","node":{"__id__":8},"_spriteFrame":{"__uuid__":"41eHInJKVKz4AaQtZslLZl"},"_type":1,"_sizeMode":0},{"__type__":"cc.Widget","node":{"__id__":8},"alignMode":0,"_alignFlags":45,"_originalWidth":100,"_originalHeight":40}],"_color":{"__type__":"cc.Color","r":230,"g":230,"b":230},"_contentSize":{"__type__":"cc.Size","width":100,"height":100},"_scale":{"__type__":"cc.Vec3","x":1,"y":1,"z":1}},{"__type__":"cc.Button","node":{"__id__":7},"_N$transition":2,"transition":2,"_N$normalColor":{"__type__":"cc.Color","r":230,"g":230,"b":230},"_N$pressedColor":{"__type__":"cc.Color","r":200,"g":200,"b":200},"pressedColor":{"__type__":"cc.Color","r":200,"g":200,"b":200},"_N$disabledColor":{"__type__":"cc.Color","r":120,"g":120,"b":120,"a":200},"_N$normalSprite":{"__uuid__":"41eHInJKVKz4AaQtZslLZl"},"_N$pressedSprite":{"__uuid__":"5aj2G5tnNEt6+hkbD2N/3i"},"pressedSprite":{"__uuid__":"5aj2G5tnNEt6+hkbD2N/3i"},"_N$hoverSprite":{"__uuid__":"41eHInJKVKz4AaQtZslLZl"},"hoverSprite":{"__uuid__":"41eHInJKVKz4AaQtZslLZl"},"_N$disabledSprite":{"__uuid__":"a5pNfpuKRFaZzdaRNfaWzr"},"_N$target":{"__id__":8}},{"__type__":"cc.Button","node":{"__id__":11},"_N$transition":2,"transition":2,"_N$normalColor":{"__type__":"cc.Color","r":230,"g":230,"b":230},"_N$pressedColor":{"__type__":"cc.Color","r":200,"g":200,"b":200},"pressedColor":{"__type__":"cc.Color","r":200,"g":200,"b":200},"_N$disabledColor":{"__type__":"cc.Color","r":120,"g":120,"b":120,"a":200},"_N$normalSprite":{"__uuid__":"5aGlJEBOtOAJYhua9VOGHy"},"_N$pressedSprite":{"__uuid__":"62ePZkUi5AJa5IGEafv2uA"},"pressedSprite":{"__uuid__":"62ePZkUi5AJa5IGEafv2uA"},"_N$hoverSprite":{"__uuid__":"5aGlJEBOtOAJYhua9VOGHy"},"hoverSprite":{"__uuid__":"5aGlJEBOtOAJYhua9VOGHy"},"_N$disabledSprite":{"__uuid__":"5aGlJEBOtOAJYhua9VOGHy"},"_N$target":{"__id__":12}},{"__type__":"cc.Node","_name":"Resume","_parent":{"__id__":4},"_children":[{"__id__":12}],"_level":3,"_components":[{"__id__":10}],"_contentSize":{"__type__":"cc.Size","width":80,"height":80},"_position":{"__type__":"cc.Vec3","x":-243,"y":134},"_scale":{"__type__":"cc.Vec3","x":1,"y":1,"z":1}},{"__type__":"cc.Node","_name":"Background","_parent":{"__id__":11},"_level":2,"_components":[{"__type__":"cc.Sprite","node":{"__id__":12},"_spriteFrame":{"__uuid__":"5aGlJEBOtOAJYhua9VOGHy"},"_type":1,"_sizeMode":0},{"__type__":"cc.Widget","node":{"__id__":12},"alignMode":0,"_alignFlags":45,"_originalWidth":100,"_originalHeight":40}],"_color":{"__type__":"cc.Color","r":230,"g":230,"b":230},"_contentSize":{"__type__":"cc.Size","width":80,"height":80},"_scale":{"__type__":"cc.Vec3","x":1,"y":1,"z":1}},{"__type__":"cc.Button","node":{"__id__":14},"_N$transition":2,"transition":2,"_N$normalColor":{"__type__":"cc.Color","r":230,"g":230,"b":230},"_N$pressedColor":{"__type__":"cc.Color","r":200,"g":200,"b":200},"pressedColor":{"__type__":"cc.Color","r":200,"g":200,"b":200},"_N$disabledColor":{"__type__":"cc.Color","r":120,"g":120,"b":120,"a":200},"_N$normalSprite":{"__uuid__":"38qNYj6e1HHIcNqfiLsZLj"},"_N$pressedSprite":{"__uuid__":"5d0Jl5oC1BpY139BiUkdHY"},"pressedSprite":{"__uuid__":"5d0Jl5oC1BpY139BiUkdHY"},"_N$hoverSprite":{"__uuid__":"38qNYj6e1HHIcNqfiLsZLj"},"hoverSprite":{"__uuid__":"38qNYj6e1HHIcNqfiLsZLj"},"_N$disabledSprite":{"__uuid__":"38qNYj6e1HHIcNqfiLsZLj"},"_N$target":{"__id__":15}},{"__type__":"cc.Node","_name":"Restart","_parent":{"__id__":4},"_children":[{"__id__":15}],"_level":3,"_components":[{"__id__":13}],"_contentSize":{"__type__":"cc.Size","width":80,"height":80},"_position":{"__type__":"cc.Vec3","x":-246,"y":30},"_scale":{"__type__":"cc.Vec3","x":1,"y":1,"z":1}},{"__type__":"cc.Node","_name":"Background","_parent":{"__id__":14},"_level":2,"_components":[{"__type__":"cc.Sprite","node":{"__id__":15},"_spriteFrame":{"__uuid__":"38qNYj6e1HHIcNqfiLsZLj"},"_type":1,"_sizeMode":0},{"__type__":"cc.Widget","node":{"__id__":15},"alignMode":0,"_alignFlags":45,"_originalWidth":100,"_originalHeight":40}],"_color":{"__type__":"cc.Color","r":230,"g":230,"b":230},"_contentSize":{"__type__":"cc.Size","width":80,"height":80},"_scale":{"__type__":"cc.Vec3","x":1,"y":1,"z":1}},{"__type__":"cc.Button","node":{"__id__":17},"_N$transition":2,"transition":2,"_N$normalColor":{"__type__":"cc.Color","r":230,"g":230,"b":230},"_N$pressedColor":{"__type__":"cc.Color","r":200,"g":200,"b":200},"pressedColor":{"__type__":"cc.Color","r":200,"g":200,"b":200},"_N$disabledColor":{"__type__":"cc.Color","r":120,"g":120,"b":120,"a":200},"_N$normalSprite":{"__uuid__":"fe1SEttlVGU6YkhjNUNI/e"},"_N$pressedSprite":{"__uuid__":"b7buVIx0hGoLGmE5zaZG1/"},"pressedSprite":{"__uuid__":"b7buVIx0hGoLGmE5zaZG1/"},"_N$hoverSprite":{"__uuid__":"fe1SEttlVGU6YkhjNUNI/e"},"hoverSprite":{"__uuid__":"fe1SEttlVGU6YkhjNUNI/e"},"_N$disabledSprite":{"__uuid__":"fe1SEttlVGU6YkhjNUNI/e"},"_N$target":{"__id__":18}},{"__type__":"cc.Node","_name":"MainMenu","_parent":{"__id__":4},"_children":[{"__id__":18}],"_level":3,"_components":[{"__id__":16}],"_contentSize":{"__type__":"cc.Size","width":80,"height":80},"_position":{"__type__":"cc.Vec3","x":-244,"y":-81},"_scale":{"__type__":"cc.Vec3","x":1,"y":1,"z":1}},{"__type__":"cc.Node","_name":"Background","_parent":{"__id__":17},"_level":2,"_components":[{"__type__":"cc.Sprite","node":{"__id__":18},"_spriteFrame":{"__uuid__":"fe1SEttlVGU6YkhjNUNI/e"},"_type":1,"_sizeMode":0},{"__type__":"cc.Widget","node":{"__id__":18},"alignMode":0,"_alignFlags":45,"_originalWidth":100,"_originalHeight":40}],"_color":{"__type__":"cc.Color","r":230,"g":230,"b":230},"_contentSize":{"__type__":"cc.Size","width":80,"height":80},"_scale":{"__type__":"cc.Vec3","x":1,"y":1,"z":1}},{"__type__":"cc.Node","_name":"Poem","_parent":{"__id__":4},"_level":3,"_components":[{"__type__":"cc.Sprite","node":{"__id__":19},"_spriteFrame":{"__uuid__":"b7c6wK4VlHDLhDrGZc0FZ3"}}],"_contentSize":{"__type__":"cc.Size","width":132,"height":104},"_position":{"__type__":"cc.Vec3","y":46},"_scale":{"__type__":"cc.Vec3","x":1.5,"y":1.5,"z":1}},{"__type__":"cc.Node","_name":"Environment","_parent":{"__id__":1},"_children":[{"__id__":21}],"_level":1,"_scale":{"__type__":"cc.Vec3","x":1,"y":1,"z":1},"_id":"15s4w7g+BPUJ7vsEN3aV4S"},{"__type__":"cc.Node","_name":"Bubbles","_parent":{"__id__":20},"_children":[{"__id__":22},{"__id__":23},{"__id__":24}],"_level":2,"_position":{"__type__":"cc.Vec3","x":450,"y":-800},"_scale":{"__type__":"cc.Vec3","x":1,"y":1,"z":1}},{"__type__":"cc.Node","_name":"b1","_parent":{"__id__":21},"_level":3,"_components":[{"__type__":"cc.ParticleSystem","node":{"__id__":22},"_custom":true,"_file":{"__uuid__":"13rKOZn/pKl6Q/wIMvo3q4"},"_spriteFrame":{"__uuid__":"fbcDbNbghE0ap+/On42OXr"},"_dstBlendFactor":1,"totalParticles":200,"emissionRate":5,"life":10,"lifeVar":10,"_startColor":{"__type__":"cc.Color","r":255,"g":255,"b":255},"_startColorVar":{"__type__":"cc.Color","r":255,"g":255,"b":255},"_endColor":{"__type__":"cc.Color","r":255,"g":255,"b":255},"_endColorVar":{"__type__":"cc.Color","r":255,"g":255,"b":255},"angle":0,"angleVar":0,"endSize":25,"speed":100,"speedVar":0,"tangentialAccel":0}],"_position":{"__type__":"cc.Vec3","x":-760,"y":115},"_scale":{"__type__":"cc.Vec3","x":1,"y":1,"z":1},"_rotationX":-90,"_rotationY":-90,"_quat":{"__type__":"cc.Quat","z":0.7071067811865475,"w":0.7071067811865476}},{"__type__":"cc.Node","_name":"b2","_parent":{"__id__":21},"_level":3,"_components":[{"__type__":"cc.ParticleSystem","node":{"__id__":23},"_custom":true,"_file":{"__uuid__":"b2aHrECZ5APKGS/0d2hvT1"},"_spriteFrame":{"__uuid__":"fbcDbNbghE0ap+/On42OXr"},"_dstBlendFactor":1,"_stopped":false,"totalParticles":200,"emissionRate":5,"life":10,"lifeVar":10,"_startColor":{"__type__":"cc.Color","r":255,"g":255,"b":255},"_startColorVar":{"__type__":"cc.Color","r":255,"g":255,"b":255},"_endColor":{"__type__":"cc.Color","r":255,"g":255,"b":255},"_endColorVar":{"__type__":"cc.Color","r":255,"g":255,"b":255},"angle":0,"angleVar":0,"startSize":25,"startSizeVar":25,"endSize":25,"gravity":{"__type__":"cc.Vec2","x":100},"speed":50,"speedVar":0,"tangentialAccel":0}],"_position":{"__type__":"cc.Vec3","x":622,"y":24},"_scale":{"__type__":"cc.Vec3","x":1,"y":1,"z":1},"_rotationX":-90,"_rotationY":-90,"_quat":{"__type__":"cc.Quat","z":0.7071067811865475,"w":0.7071067811865476}},{"__type__":"cc.Node","_name":"b3","_parent":{"__id__":21},"_level":3,"_components":[{"__type__":"cc.ParticleSystem","node":{"__id__":24},"_custom":true,"_file":{"__uuid__":"13rKOZn/pKl6Q/wIMvo3q4"},"_spriteFrame":{"__uuid__":"fbcDbNbghE0ap+/On42OXr"},"_dstBlendFactor":1,"totalParticles":200,"emissionRate":5,"life":10,"lifeVar":10,"_startColor":{"__type__":"cc.Color","r":255,"g":255,"b":255},"_startColorVar":{"__type__":"cc.Color","r":255,"g":255,"b":255},"_endColor":{"__type__":"cc.Color","r":255,"g":255,"b":255},"_endColorVar":{"__type__":"cc.Color","r":255,"g":255,"b":255},"angle":0,"angleVar":0,"endSize":25,"speed":100,"speedVar":0,"tangentialAccel":0}],"_position":{"__type__":"cc.Vec3","x":-30,"y":62},"_scale":{"__type__":"cc.Vec3","x":1,"y":1,"z":1},"_rotationX":-90,"_rotationY":-90,"_quat":{"__type__":"cc.Quat","z":0.7071067811865475,"w":0.7071067811865476}},{"__type__":"cc.Node","_name":"Player","_parent":{"__id__":1},"_children":[{"__id__":26}],"_level":1,"_components":[{"__type__":"e9c56E4eqBOLqyl3zsBRnwt","node":{"__id__":25},"player":{"__id__":25},"touchArea":{"__id__":5}}],"_position":{"__type__":"cc.Vec3","x":129,"y":1258},"_scale":{"__type__":"cc.Vec3","x":0.5,"y":0.5,"z":1},"_rotationX":180,"_rotationY":180,"_quat":{"__type__":"cc.Quat","z":-1,"w":6.123233995736766e-17},"_id":"23bsn4q8RCdr0/HbeZgWFU"},{"__type__":"cc.Node","_name":"Sprite","_parent":{"__id__":25},"_level":2,"_components":[{"__type__":"cc.Sprite","node":{"__id__":26},"_spriteFrame":{"__uuid__":"c0dKKKaNxOlLPqxFb1LXyW"}},{"__type__":"cc.Animation","node":{"__id__":26},"_defaultClip":{"__uuid__":"03TG42O6NAeqGaeU2tJJkU"},"_clips":[{"__uuid__":"03TG42O6NAeqGaeU2tJJkU"}],"playOnLoad":true}],"_contentSize":{"__type__":"cc.Size","width":134,"height":369},"_scale":{"__type__":"cc.Vec3","x":1,"y":1,"z":1},"_rotationX":90,"_rotationY":90,"_quat":{"__type__":"cc.Quat","z":-0.7071067811865475,"w":0.7071067811865476}},{"__type__":"cc.Node","_name":"Main Camera","_parent":{"__id__":1},"_level":1,"_components":[{"__type__":"cc.Camera","node":{"__id__":27},"_clearFlags":7,"_depth":-1},{"__type__":"86237Fz6lNEyKFHZ1bfBCs3","node":{"__id__":27},"player":{"__id__":25},"camera":{"__id__":27},"canvas":{"__id__":5}}],"_scale":{"__type__":"cc.Vec3","x":1,"y":1,"z":1},"_id":"acFsdGoXFP75dOabggs4tS"}],{"__type__":"cc.SpriteFrame","content":{"name":"FrameB-1","texture":"bcoYYAt/JPmrb7EKVPyMGs","rect":[175,83,134,369],"offset":[-14,-11.5],"originalSize":[512,512],"capInsets":[0,0,0,0]}},{"__type__":"cc.SpriteFrame","content":{"name":"bubble","texture":"04JzZVeXhJ17281yLE/szH","rect":[0,0,193,192],"offset":[0,0],"originalSize":[193,192],"capInsets":[0,0,0,0]}},{"__type__":"cc.SpriteFrame","content":{"name":"buttonReturnMenu","texture":"29fzyIA9hO1qSmAJNqW3Go","rect":[134,208,195,126],"offset":[-24.5,-15],"originalSize":[512,512],"capInsets":[0,0,0,0]}}]