[{"__type__":"cc.SpriteFrame","content":{"name":"default_btn_disabled","texture":"71VhFCTINJM6/Ky3oX9nBT","rect":[0,0,40,40],"offset":[0,0],"originalSize":[40,40],"capInsets":[12,12,12,12]}},{"__type__":"cc.SpriteFrame","content":{"name":"backgroundC (1)","texture":"abzs8OaNhIb6KMQ/UJRAUI","rect":[0,0,900,1600],"offset":[0,0],"originalSize":[900,1600],"capInsets":[0,0,0,0]}},{"__type__":"cc.SpriteFrame","content":{"name":"default_panel","texture":"d8HsitJHxOYqo801xBk8ev","rect":[0,0,20,20],"offset":[0,0],"originalSize":[20,20],"capInsets":[6,6,6,6]}},[{"__type__":"cc.SceneAsset","_name":"startMenu","scene":{"__id__":1},"asyncLoadAssets":null},{"__type__":"cc.Scene","_name":"New Node","_children":[{"__id__":2},{"__id__":4},{"__id__":11}],"_anchorPoint":{"__type__":"cc.Vec2"},"_scale":{"__type__":"cc.Vec3","x":0.18660659830736173,"y":0.18660659830736173,"z":1},"autoReleaseAssets":false},{"__type__":"cc.Node","_name":"Background","_parent":{"__id__":1},"_children":[{"__id__":3}],"_level":1,"_scale":{"__type__":"cc.Vec3","x":1,"y":1,"z":1},"_id":"b26cciPeNAgqM09KXmLBPl"},{"__type__":"cc.Node","_name":"img","_parent":{"__id__":2},"_level":2,"_components":[{"__type__":"cc.Sprite","node":{"__id__":3},"_spriteFrame":{"__uuid__":"56V516n2BEAIZGGbLKJjKw"},"_sizeMode":0}],"_contentSize":{"__type__":"cc.Size","width":1800,"height":3200},"_position":{"__type__":"cc.Vec3","x":450,"y":800},"_scale":{"__type__":"cc.Vec3","x":1,"y":1,"z":1}},{"__type__":"cc.Node","_name":"Canvas","_parent":{"__id__":1},"_children":[{"__id__":5},{"__id__":6}],"_level":1,"_components":[{"__type__":"cc.Canvas","node":{"__id__":4},"_designResolution":{"__type__":"cc.Size","width":900,"height":1600},"_fitWidth":true},{"__type__":"b64c7LwV89PDJJjL4O9cLDX","node":{"__id__":4},"startButton":{"__id__":10}}],"_contentSize":{"__type__":"cc.Size","width":900,"height":1600},"_position":{"__type__":"cc.Vec3","x":450,"y":800},"_scale":{"__type__":"cc.Vec3","x":1,"y":1,"z":1},"_id":"1fk5Nkbg5DnZfF9/EbhmrS"},{"__type__":"cc.Node","_name":"Main Camera","_parent":{"__id__":4},"_level":2,"_components":[{"__type__":"cc.Camera","node":{"__id__":5},"_clearFlags":7,"_depth":-1}],"_scale":{"__type__":"cc.Vec3","x":1,"y":1,"z":1}},{"__type__":"cc.Node","_name":"menu","_parent":{"__id__":4},"_children":[{"__id__":7}],"_level":2,"_components":[{"__type__":"cc.Sprite","node":{"__id__":6},"_spriteFrame":{"__uuid__":"9bvaMerUlDyary99mJa6xp"},"_type":1,"_sizeMode":0},{"__type__":"cc.Layout","node":{"__id__":6},"_layoutSize":{"__type__":"cc.Size","width":400,"height":300}},{"__type__":"cc.Widget","node":{"__id__":6},"_alignFlags":18}],"_contentSize":{"__type__":"cc.Size","width":400,"height":300},"_scale":{"__type__":"cc.Vec3","x":1,"y":1,"z":1}},{"__type__":"cc.Node","_name":"Start","_parent":{"__id__":6},"_children":[{"__id__":8}],"_level":3,"_components":[{"__id__":10}],"_contentSize":{"__type__":"cc.Size","width":100,"height":40},"_scale":{"__type__":"cc.Vec3","x":1,"y":1,"z":1}},{"__type__":"cc.Node","_name":"Background","_parent":{"__id__":7},"_children":[{"__id__":9}],"_level":2,"_components":[{"__type__":"cc.Sprite","node":{"__id__":8},"_spriteFrame":{"__uuid__":"f0BIwQ8D5Ml7nTNQbh1YlS"},"_type":1,"_sizeMode":0},{"__type__":"cc.Widget","node":{"__id__":8},"alignMode":0,"_alignFlags":45,"_originalWidth":100,"_originalHeight":40}],"_color":{"__type__":"cc.Color","r":230,"g":230,"b":230},"_contentSize":{"__type__":"cc.Size","width":100,"height":40},"_scale":{"__type__":"cc.Vec3","x":1,"y":1,"z":1}},{"__type__":"cc.Node","_name":"Label","_parent":{"__id__":8},"_level":3,"_components":[{"__type__":"cc.Label","node":{"__id__":9},"_useOriginalSize":false,"_string":"button","_N$string":"button","_fontSize":20,"_enableWrapText":false,"_N$horizontalAlign":1,"_N$verticalAlign":1,"_N$overflow":1}],"_color":{"__type__":"cc.Color"},"_contentSize":{"__type__":"cc.Size","width":100,"height":40},"_scale":{"__type__":"cc.Vec3","x":1,"y":1,"z":1}},{"__type__":"cc.Button","node":{"__id__":7},"_N$transition":2,"transition":2,"_N$normalColor":{"__type__":"cc.Color","r":230,"g":230,"b":230},"_N$pressedColor":{"__type__":"cc.Color","r":200,"g":200,"b":200},"pressedColor":{"__type__":"cc.Color","r":200,"g":200,"b":200},"_N$disabledColor":{"__type__":"cc.Color","r":120,"g":120,"b":120,"a":200},"_N$normalSprite":{"__uuid__":"f0BIwQ8D5Ml7nTNQbh1YlS"},"_N$pressedSprite":{"__uuid__":"e97GVMl6JHh5Ml5qEDdSGa"},"pressedSprite":{"__uuid__":"e97GVMl6JHh5Ml5qEDdSGa"},"_N$hoverSprite":{"__uuid__":"f0BIwQ8D5Ml7nTNQbh1YlS"},"hoverSprite":{"__uuid__":"f0BIwQ8D5Ml7nTNQbh1YlS"},"_N$disabledSprite":{"__uuid__":"29FYIk+N1GYaeWH/q1NxQO"},"_N$target":{"__id__":8}},{"__type__":"cc.Node","_name":"Main Camera","_parent":{"__id__":1},"_level":1,"_components":[{"__type__":"cc.Camera","node":{"__id__":11},"_clearFlags":7,"_depth":-1}],"_position":{"__type__":"cc.Vec3","x":450,"y":800},"_scale":{"__type__":"cc.Vec3","x":1,"y":1,"z":1},"_id":"3djMnddndLILcWJZ8XCU8T"}],{"__type__":"cc.SpriteFrame","content":{"name":"default_btn_pressed","texture":"b4P/PCArtIdIH38t6mlw8Y","rect":[0,0,40,40],"offset":[0,0],"originalSize":[40,40],"capInsets":[12,12,12,12]}},{"__type__":"cc.SpriteFrame","content":{"name":"default_btn_normal","texture":"e8Ueib+qJEhL6mXAHdnwbi","rect":[0,0,40,40],"offset":[0,0],"originalSize":[40,40],"capInsets":[12,12,12,12]}}]